numeroCuenta,nombre,creditos,calificacion,contrasena,numeroInscripcion,semestre
239427319,Carlos López Rodríguez,80.34,9.72,pass239427319,1.0000,2
583014730,Daniel Díaz Fernández,88.63,7.95,pass583014730,2.0000,4
343074870,Francisco Gómez Moreno,306.96,7.04,pass343074870,3.0000,3
366261141,Carmen Martin García,321.70,7.50,pass366261141,4.0000,6
702104604,Isabel Moreno Moreno,211.05,6.54,pass702104604,5.0000,4
882534736,Carmen Ruiz Díaz,388.79,9.56,pass882534736,6.0000,2
099133559,Daniel Álvarez González,68.74,9.51,pass099133559,7.0000,9
522232831,Sofia García Moreno,389.34,9.72,pass522232831,8.0000,7
802930731,Luis Pérez Martin,297.70,7.02,pass802930731,9.0000,8
756619459,Lucia López Ruiz,149.34,8.92,pass756619459,10.0000,2
322859086,Antonio Martínez Ruiz,91.27,9.52,pass322859086,11.0000,3
999230612,Francisco Álvarez Martínez,332.01,7.92,pass999230612,12.0000,9
741926384,Carlos Rodríguez Martin,46.58,7.39,pass741926384,13.0000,5
837912216,Carlos Sánchez Martínez,136.98,8.64,pass837912216,14.0000,7
639302847,David Álvarez González,229.26,8.54,pass639302847,15.0000,8
333085055,Carlos Moreno Álvarez,264.42,6.55,pass333085055,16.0000,5
423094610,Carlos Álvarez Jiménez,54.84,6.35,pass423094610,17.0000,7
796514746,Patricia Sánchez López,166.75,6.41,pass796514746,18.0000,3
103623705,Luis Martin Martínez,261.63,7.37,pass103623705,19.0000,10
834790480,Francisco González Martin,381.56,9.55,pass834790480,20.0000,3
137294119,Lucia Díaz González,108.73,8.75,pass137294119,21.0000,4
418342806,José Fernández Rodríguez,118.28,6.73,pass418342806,22.0000,10
337113952,Juan Díaz Jiménez,222.50,7.45,pass337113952,23.0000,8
942459802,David Álvarez Sánchez,63.56,7.33,pass942459802,24.0000,6
320853877,Carmen Martin Fernández,389.82,7.97,pass320853877,25.0000,8
070205159,Miguel Pérez Martin,262.02,9.27,pass070205159,26.0000,9
832741965,Isabel Muñoz Martínez,141.21,9.16,pass832741965,27.0000,1
032013822,José Ruiz Jiménez,298.68,6.28,pass032013822,28.0000,4
398814372,María Fernández Hernández,384.95,8.79,pass398814372,29.0000,5
576898882,Ana Fernández Fernández,346.62,6.02,pass576898882,30.0000,9
612934582,Isabel Moreno Pérez,66.54,6.83,pass612934582,31.0000,7
682993192,Patricia Fernández Álvarez,139.15,8.75,pass682993192,32.0000,4
077816541,Elena Pérez Díaz,147.74,6.24,pass077816541,33.0000,2
557091926,Laura González Gómez,132.81,9.18,pass557091926,34.0000,1
515606339,Monica Díaz Rodríguez,266.75,6.00,pass515606339,35.0000,4
145603717,Antonio González Muñoz,371.03,6.28,pass145603717,36.0000,1
487809720,Laura Moreno Rodríguez,255.13,9.84,pass487809720,37.0000,2
763473356,Carmen Muñoz González,252.63,9.22,pass763473356,38.0000,8
096645460,Juan Martin Muñoz,25.97,6.65,pass096645460,39.0000,10
890582149,Isabel Rodríguez Ruiz,253.73,6.70,pass890582149,40.0000,9
934444747,Monica García Fernández,360.33,6.91,pass934444747,41.0000,4
940156385,Laura Rodríguez Sánchez,163.73,9.39,pass940156385,42.0000,3
934670772,Carlos Pérez Rodríguez,240.44,8.37,pass934670772,43.0000,8
048551946,Sofia Martínez Álvarez,187.47,7.58,pass048551946,44.0000,6
328963276,José González Muñoz,265.54,7.40,pass328963276,45.0000,4
135795500,Juan Álvarez Sánchez,197.48,9.10,pass135795500,46.0000,5
799828540,Elena Álvarez González,33.42,6.66,pass799828540,47.0000,9
421794253,Elena García Fernández,377.79,6.91,pass421794253,48.0000,4
434163846,Carlos Martínez Fernández,142.31,7.75,pass434163846,49.0000,4
515044054,Sofia Sánchez Sánchez,27.27,7.90,pass515044054,50.0000,3
428469767,Carlos Pérez García,136.33,8.48,pass428469767,51.0000,8
027764818,Laura Martínez Jiménez,384.96,6.57,pass027764818,52.0000,10
487820782,María Rodríguez Álvarez,335.03,6.50,pass487820782,53.0000,6
381170386,Lucia Fernández González,268.68,9.23,pass381170386,54.0000,3
366511628,Carlos Muñoz Jiménez,325.64,7.13,pass366511628,55.0000,6
977778009,Lucia Sánchez Martin,253.37,7.35,pass977778009,56.0000,8
561539689,José Rodríguez Álvarez,134.29,6.75,pass561539689,57.0000,3
146306622,Elena García Fernández,366.66,6.70,pass146306622,58.0000,7
235420121,Ana González López,140.01,6.16,pass235420121,59.0000,4
808107063,Antonio Martínez Martin,90.87,7.50,pass808107063,60.0000,3
478765667,Laura Muñoz Jiménez,20.69,9.93,pass478765667,61.0000,10
564639907,Monica Hernández Martínez,286.80,8.00,pass564639907,62.0000,2
890005345,Lucia López Díaz,110.08,8.82,pass890005345,63.0000,6
823417808,Lucia Álvarez Rodríguez,251.45,9.03,pass823417808,64.0000,9
227690590,Elena Rodríguez Díaz,356.80,6.81,pass227690590,65.0000,1
042062118,Laura Moreno Jiménez,327.46,7.94,pass042062118,66.0000,6
588656132,Francisco Muñoz Pérez,34.90,9.81,pass588656132,67.0000,6
341318532,Antonio Ruiz Moreno,46.09,9.81,pass341318532,68.0000,1
626969868,Ana Fernández Martínez,105.38,7.88,pass626969868,69.0000,7
894565444,Luis Álvarez Fernández,107.36,7.19,pass894565444,70.0000,9
253121850,Laura López Pérez,293.00,7.87,pass253121850,71.0000,4
032499899,Francisco Jiménez Moreno,65.89,8.39,pass032499899,72.0000,7
583181859,Daniel García Díaz,335.47,6.99,pass583181859,73.0000,3
420904844,Monica Martin Martin,139.58,6.41,pass420904844,74.0000,9
501042661,Monica García Díaz,243.73,8.46,pass501042661,75.0000,9
146444366,Sofia Hernández Sánchez,209.42,7.29,pass146444366,76.0000,6
627942263,José Jiménez Pérez,304.15,7.63,pass627942263,77.0000,6
784312367,Antonio Pérez Martínez,156.96,7.17,pass784312367,78.0000,3
843825186,Ana Ruiz Fernández,55.21,6.47,pass843825186,79.0000,5
063721214,Sofia García Martínez,242.04,9.91,pass063721214,80.0000,3
974379452,María Díaz Fernández,331.94,7.41,pass974379452,81.0000,1
651986393,David López Fernández,186.09,9.25,pass651986393,82.0000,2
188614764,Patricia Hernández Fernández,148.71,8.47,pass188614764,83.0000,2
936205501,Patricia Ruiz Martin,118.50,9.93,pass936205501,84.0000,10
534111052,Pedro López Sánchez,142.08,6.64,pass534111052,85.0000,5
151486143,Elena Pérez Gómez,337.88,7.98,pass151486143,86.0000,10
043092275,Daniel Hernández González,336.35,9.12,pass043092275,87.0000,10
126531377,María Jiménez Gómez,232.65,6.19,pass126531377,88.0000,3
580376640,Francisco López Díaz,330.33,7.81,pass580376640,89.0000,1
448269916,Patricia López Díaz,250.82,6.47,pass448269916,90.0000,3
076392901,David Díaz Sánchez,148.94,9.06,pass076392901,91.0000,7
228450224,Monica Rodríguez González,117.72,8.39,pass228450224,92.0000,3
808088161,Juan Sánchez Pérez,270.60,9.84,pass808088161,93.0000,9
018648629,Pedro Fernández Sánchez,90.20,8.42,pass018648629,94.0000,2
864249313,Miguel Rodríguez Hernández,23.76,7.21,pass864249313,95.0000,8
429329175,María Fernández Jiménez,69.17,6.06,pass429329175,96.0000,5
526607039,Pedro Pérez Ruiz,364.05,8.82,pass526607039,97.0000,9
807317985,Sofia Ruiz Ruiz,71.06,8.90,pass807317985,98.0000,6
878629955,Luis Díaz Martínez,328.55,7.93,pass878629955,99.0000,10
696098776,Ana Muñoz Rodríguez,138.57,6.07,pass696098776,100.0000,9
486363054,Carmen Rodríguez García,64.70,8.43,pass486363054,101.0000,3
352772337,Antonio Martínez Fernández,215.63,8.35,pass352772337,102.0000,10
456844158,Laura Muñoz Moreno,377.01,7.82,pass456844158,103.0000,6
253511824,Sofia Álvarez Martínez,291.17,8.05,pass253511824,104.0000,8
770798846,Daniel Gómez Hernández,162.67,6.05,pass770798846,105.0000,8
077347043,José López Hernández,137.30,7.34,pass077347043,106.0000,1
363141668,Carmen Martínez Martin,104.05,9.34,pass363141668,107.0000,4
301434245,David García Gómez,32.74,8.58,pass301434245,108.0000,3
659377198,Miguel Álvarez Sánchez,358.18,6.91,pass659377198,109.0000,6
802509770,Daniel Martínez López,322.15,8.31,pass802509770,110.0000,2
766757046,Antonio Sánchez Jiménez,254.01,7.38,pass766757046,111.0000,9
225636880,Laura Martin Martínez,191.94,9.67,pass225636880,112.0000,1
881320056,David Díaz Hernández,373.64,7.87,pass881320056,113.0000,2
450022752,Patricia Ruiz Gómez,256.38,7.50,pass450022752,114.0000,2
421872929,María Ruiz López,274.50,7.94,pass421872929,115.0000,5
428888362,Pedro Pérez Sánchez,233.32,9.69,pass428888362,116.0000,10
218174475,Francisco Ruiz López,129.31,9.76,pass218174475,117.0000,6
078883636,Luis García Moreno,283.68,9.72,pass078883636,118.0000,5
335345229,Carlos Fernández Gómez,139.78,8.19,pass335345229,119.0000,10
103816361,Juan Martínez Díaz,233.04,7.93,pass103816361,120.0000,2
140549101,Carmen Gómez Rodríguez,108.70,9.17,pass140549101,121.0000,10
214968640,Antonio García Gómez,329.86,8.45,pass214968640,122.0000,3
805886820,Ana Martin González,252.90,6.55,pass805886820,123.0000,7
569664639,Laura Gómez Álvarez,94.69,9.55,pass569664639,124.0000,7
636311554,Antonio Álvarez Hernández,364.09,8.47,pass636311554,125.0000,7
376955722,Carmen Moreno González,143.86,7.76,pass376955722,126.0000,4
400901928,María Martin Pérez,393.90,8.42,pass400901928,127.0000,9
224159082,Elena García Hernández,135.68,7.52,pass224159082,128.0000,9
844971767,Luis Martin López,99.56,9.97,pass844971767,129.0000,8
861352435,Monica Hernández Álvarez,294.26,9.27,pass861352435,130.0000,4
928178545,José Martínez Sánchez,72.42,7.38,pass928178545,131.0000,7
248719942,Lucia Álvarez González,96.18,6.19,pass248719942,132.0000,3
599438765,Elena Martin Ruiz,299.37,6.25,pass599438765,133.0000,2
299031602,Lucia Jiménez Álvarez,208.03,6.14,pass299031602,134.0000,6
377132164,Antonio García Sánchez,127.65,9.45,pass377132164,135.0000,5
561226700,Juan Martínez Álvarez,211.94,6.08,pass561226700,136.0000,5
623640707,María Hernández Muñoz,322.80,8.96,pass623640707,137.0000,10
250234809,Luis Gómez Díaz,64.66,9.47,pass250234809,138.0000,2
767530871,Carlos Ruiz García,135.91,8.73,pass767530871,139.0000,6
471096873,Antonio Gómez Pérez,130.23,6.11,pass471096873,140.0000,2
439238891,Daniel Rodríguez Álvarez,223.22,7.18,pass439238891,141.0000,4
828602694,Carlos Muñoz Ruiz,122.70,7.94,pass828602694,142.0000,1
860653921,Elena González Martin,176.75,9.43,pass860653921,143.0000,10
719623561,Luis Jiménez Martínez,293.59,6.96,pass719623561,144.0000,1
485883147,Francisco Martin Pérez,48.71,7.13,pass485883147,145.0000,4
503503998,Luis Sánchez Hernández,38.45,9.97,pass503503998,146.0000,4
920576396,Laura Rodríguez Rodríguez,132.24,8.77,pass920576396,147.0000,8
364055808,David Ruiz Moreno,250.17,9.09,pass364055808,148.0000,5
423828563,Sofia Rodríguez Sánchez,24.59,9.23,pass423828563,149.0000,2
739363764,Luis González López,396.48,9.59,pass739363764,150.0000,3
450923092,David Díaz Pérez,50.93,8.67,pass450923092,151.0000,7
072246754,Ana Martin Moreno,211.45,6.87,pass072246754,152.0000,5
897765311,Juan García Sánchez,383.71,9.28,pass897765311,153.0000,1
675639451,José López Pérez,150.81,6.31,pass675639451,154.0000,4
355740912,Carlos Jiménez Jiménez,158.00,6.33,pass355740912,155.0000,6
359524453,Juan Pérez Martínez,88.13,6.84,pass359524453,156.0000,10
727481864,Ana Pérez Gómez,259.83,9.74,pass727481864,157.0000,6
893833903,Lucia Jiménez López,31.76,6.41,pass893833903,158.0000,8
012231448,Luis Rodríguez Pérez,116.14,9.87,pass012231448,159.0000,4
102352459,Antonio García González,173.28,6.92,pass102352459,160.0000,3
842463445,Monica García González,351.33,8.83,pass842463445,161.0000,3
338367802,Lucia Martin López,128.60,6.56,pass338367802,162.0000,2
484931456,Francisco Jiménez Gómez,338.03,6.43,pass484931456,163.0000,9
519985434,Pedro Gómez Sánchez,88.51,8.72,pass519985434,164.0000,1
823103097,Luis Martínez Álvarez,57.94,8.84,pass823103097,165.0000,9
593751075,Elena Jiménez Moreno,371.16,6.50,pass593751075,166.0000,1
174886759,Daniel Muñoz Martin,220.54,8.79,pass174886759,167.0000,5
434753403,Ana García Martin,242.86,8.43,pass434753403,168.0000,8
764904097,Elena Fernández Rodríguez,71.32,9.58,pass764904097,169.0000,5
661085287,Monica Sánchez Gómez,264.19,7.95,pass661085287,170.0000,10
430644843,David Martin Ruiz,273.34,6.40,pass430644843,171.0000,1
632443415,Luis Díaz Martin,197.31,8.24,pass632443415,172.0000,10
645278291,Carlos Álvarez Martin,342.28,9.45,pass645278291,173.0000,1
686801808,Luis Pérez Álvarez,278.01,7.56,pass686801808,174.0000,7
099143134,Pedro Sánchez García,130.21,8.34,pass099143134,175.0000,2
370302652,Lucia Muñoz Álvarez,118.35,7.88,pass370302652,176.0000,7
425921365,Daniel Jiménez Rodríguez,371.77,7.78,pass425921365,177.0000,6
951326739,Sofia Gómez Pérez,225.99,6.57,pass951326739,178.0000,7
521644860,Monica Ruiz Álvarez,119.92,8.28,pass521644860,179.0000,8
988730006,Daniel Díaz Muñoz,102.71,9.36,pass988730006,180.0000,9
130285965,Luis Martin Moreno,40.60,9.38,pass130285965,181.0000,2
331362378,José Pérez Sánchez,164.82,7.53,pass331362378,182.0000,9
074710010,Elena Jiménez Rodríguez,395.69,9.74,pass074710010,183.0000,7
502271675,Pedro Sánchez Rodríguez,122.83,6.48,pass502271675,184.0000,4
042184323,María Díaz Martin,43.99,6.37,pass042184323,185.0000,5
402866033,Francisco Gómez González,357.34,7.98,pass402866033,186.0000,1
352732610,Ana Sánchez López,256.92,7.49,pass352732610,187.0000,3
803351870,José Fernández Jiménez,277.39,8.47,pass803351870,188.0000,2
012153617,Sofia García Fernández,30.84,6.01,pass012153617,189.0000,7
467420177,Daniel Pérez Jiménez,179.14,9.30,pass467420177,190.0000,3
830276127,María Díaz Álvarez,85.21,7.60,pass830276127,191.0000,2
750279197,Laura Díaz Fernández,234.70,6.87,pass750279197,192.0000,8
971747135,María Jiménez Hernández,24.85,6.53,pass971747135,193.0000,8
698370673,Laura Hernández Álvarez,130.22,7.36,pass698370673,194.0000,7
696369956,Elena Pérez Ruiz,397.78,9.27,pass696369956,195.0000,5
625952179,José García Álvarez,127.93,9.00,pass625952179,196.0000,2
839383412,Antonio Díaz Gómez,25.04,7.18,pass839383412,197.0000,7
072535416,Carlos Sánchez López,370.67,8.70,pass072535416,198.0000,4
875294124,Carlos Rodríguez Rodríguez,75.83,8.75,pass875294124,199.0000,3
496151145,Pedro Ruiz Fernández,161.08,6.07,pass496151145,200.0000,8
877030126,Miguel Pérez Sánchez,326.44,6.57,pass877030126,201.0000,6
517143582,Miguel Ruiz Fernández,295.65,8.90,pass517143582,202.0000,7
029608322,Isabel Rodríguez López,232.82,9.11,pass029608322,203.0000,5
225809358,Miguel Rodríguez Fernández,291.58,6.56,pass225809358,204.0000,6
176716588,Francisco Moreno Sánchez,288.43,6.80,pass176716588,205.0000,8
724318280,Luis Rodríguez Muñoz,119.00,7.95,pass724318280,206.0000,8
643578683,Ana Muñoz Gómez,168.31,7.59,pass643578683,207.0000,8
845128664,Monica Gómez López,131.93,7.54,pass845128664,208.0000,6
398762956,Daniel Jiménez Díaz,327.75,7.10,pass398762956,209.0000,1
663682924,Carmen Moreno Álvarez,167.24,7.02,pass663682924,210.0000,1
354180498,Carmen Ruiz Gómez,366.68,6.43,pass354180498,211.0000,1
747885961,Miguel Ruiz Fernández,255.96,7.54,pass747885961,212.0000,10
808570068,Monica Rodríguez Jiménez,46.12,8.76,pass808570068,213.0000,5
680206289,Monica García López,275.98,9.64,pass680206289,214.0000,9
920943932,Ana Muñoz Díaz,46.87,7.74,pass920943932,215.0000,2
723980880,Sofia Moreno Rodríguez,287.88,7.35,pass723980880,216.0000,2
530336056,Pedro Gómez García,218.17,6.75,pass530336056,217.0000,8
574999595,Miguel Moreno Sánchez,189.65,9.22,pass574999595,218.0000,3
523137640,Sofia González Gómez,129.38,9.92,pass523137640,219.0000,5
493580152,Luis Hernández Moreno,52.00,9.10,pass493580152,220.0000,6
665855429,Pedro Fernández González,104.59,7.56,pass665855429,221.0000,10
078295917,Elena Díaz Rodríguez,171.83,7.54,pass078295917,222.0000,6
416279216,Carlos Ruiz Álvarez,139.77,8.77,pass416279216,223.0000,7
282319649,Patricia Hernández Ruiz,49.58,7.18,pass282319649,224.0000,1
156899544,Sofia López Fernández,337.50,9.30,pass156899544,225.0000,7
169858319,Francisco Jiménez Rodríguez,278.49,9.10,pass169858319,226.0000,2
488677228,María Martínez Ruiz,334.19,9.65,pass488677228,227.0000,4
590773681,Francisco Álvarez Moreno,45.44,9.50,pass590773681,228.0000,10
528024090,Elena Moreno Álvarez,210.24,7.45,pass528024090,229.0000,7
579291676,Ana Martin Hernández,349.33,7.28,pass579291676,230.0000,10
571622962,Francisco Fernández Muñoz,51.75,9.91,pass571622962,231.0000,6
924186144,Monica Álvarez Álvarez,91.55,7.42,pass924186144,232.0000,10
584899911,Juan García López,192.40,8.27,pass584899911,233.0000,2
380158316,Sofia Martin Sánchez,93.46,7.32,pass380158316,234.0000,9
879731336,Juan Pérez Álvarez,151.13,8.50,pass879731336,235.0000,1
353181480,Juan Sánchez Jiménez,167.47,6.54,pass353181480,236.0000,5
345544850,Patricia García Sánchez,382.32,6.35,pass345544850,237.0000,1
505255042,Laura Muñoz Rodríguez,324.99,7.23,pass505255042,238.0000,7
988150498,Sofia Sánchez Gómez,314.37,7.42,pass988150498,239.0000,5
317562078,Ana Sánchez Muñoz,138.32,6.80,pass317562078,240.0000,3
583709091,Monica Gómez Fernández,163.88,8.16,pass583709091,241.0000,1
452245423,Daniel Díaz García,281.17,7.11,pass452245423,242.0000,3
210739482,Sofia Martínez Muñoz,159.43,9.97,pass210739482,243.0000,2
634312533,José Martínez Martin,399.65,7.30,pass634312533,244.0000,8
910112507,José Jiménez Hernández,352.48,8.35,pass910112507,245.0000,3
832600458,Elena Sánchez Fernández,151.50,6.61,pass832600458,246.0000,10
337073578,Miguel Moreno Martínez,375.23,7.44,pass337073578,247.0000,9
442813801,María Álvarez Hernández,335.85,8.10,pass442813801,248.0000,5
270065275,José Pérez Álvarez,275.64,6.25,pass270065275,249.0000,3
743648907,Antonio Fernández Moreno,399.47,8.06,pass743648907,250.0000,1
872251681,Luis Díaz Rodríguez,177.50,8.78,pass872251681,251.0000,5
825729967,José Álvarez López,243.71,8.88,pass825729967,252.0000,5
329433246,Laura Gómez Hernández,78.10,9.08,pass329433246,253.0000,7
292837437,Ana Martin Moreno,210.55,9.08,pass292837437,254.0000,9
099174758,David Ruiz Pérez,282.14,9.21,pass099174758,255.0000,2
645821325,Lucia Gómez Pérez,366.04,6.17,pass645821325,256.0000,8
559704235,Antonio Díaz Gómez,368.07,8.07,pass559704235,257.0000,6
334918150,José Rodríguez Álvarez,349.77,6.78,pass334918150,258.0000,9
906549416,María Rodríguez Fernández,323.98,7.60,pass906549416,259.0000,8
984704195,Francisco Díaz González,321.58,7.06,pass984704195,260.0000,7
442570557,Sofia Muñoz Ruiz,211.90,7.75,pass442570557,261.0000,4
294518501,Carlos Díaz Martin,220.11,6.91,pass294518501,262.0000,4
123107014,Juan Hernández Sánchez,313.10,6.32,pass123107014,263.0000,1
146319391,Miguel Moreno Sánchez,67.27,7.82,pass146319391,264.0000,5
790340100,Luis Hernández García,37.68,6.55,pass790340100,265.0000,5
129328919,Miguel Pérez Sánchez,79.14,6.18,pass129328919,266.0000,2
372542551,María Pérez Martínez,178.34,8.08,pass372542551,267.0000,7
989718149,Luis Moreno Jiménez,225.90,7.02,pass989718149,268.0000,1
242989771,Elena Moreno González,364.85,8.24,pass242989771,269.0000,10
261715688,Lucia Martin Moreno,55.44,8.05,pass261715688,270.0000,5
654095754,Miguel Ruiz López,118.41,6.87,pass654095754,271.0000,2
761352301,Carmen Martin Pérez,98.85,9.95,pass761352301,272.0000,1
277745129,Miguel Martin Ruiz,216.63,7.94,pass277745129,273.0000,7
580007520,José Ruiz Muñoz,388.69,8.03,pass580007520,274.0000,10
839404738,Isabel Pérez Martin,124.53,9.58,pass839404738,275.0000,4
503234244,Miguel Muñoz Sánchez,136.59,6.80,pass503234244,276.0000,2
844311329,Francisco González García,314.80,8.83,pass844311329,277.0000,1
540185852,Elena Pérez Jiménez,137.82,9.07,pass540185852,278.0000,10
926487560,José Álvarez González,175.54,6.35,pass926487560,279.0000,8
961302309,Miguel López Martin,142.28,7.39,pass961302309,280.0000,3
179233491,Patricia García García,382.25,8.51,pass179233491,281.0000,7
348333807,José Díaz González,179.99,8.40,pass348333807,282.0000,9
876187471,Miguel Hernández Fernández,316.25,9.86,pass876187471,283.0000,6
237106050,David Díaz Pérez,133.73,9.51,pass237106050,284.0000,5
657988209,Carlos Moreno Gómez,288.03,9.15,pass657988209,285.0000,2
552548477,Miguel Jiménez López,380.26,6.30,pass552548477,286.0000,5
607758170,Antonio Pérez Álvarez,93.12,7.96,pass607758170,287.0000,10
720112535,Francisco Gómez Rodríguez,207.10,6.78,pass720112535,288.0000,2
781172019,Sofia Muñoz Gómez,301.22,7.14,pass781172019,289.0000,3
092676893,Patricia Ruiz Ruiz,386.08,8.78,pass092676893,290.0000,1
893306500,Monica Moreno Ruiz,397.32,7.03,pass893306500,291.0000,10
669014523,Isabel González Rodríguez,352.29,9.31,pass669014523,292.0000,6
701222855,Isabel Martin Rodríguez,336.03,7.86,pass701222855,293.0000,8
979601441,Ana Jiménez Sánchez,194.27,6.28,pass979601441,294.0000,5
509281428,Laura Muñoz Álvarez,174.85,6.27,pass509281428,295.0000,9
223069830,Antonio Álvarez Sánchez,64.49,7.96,pass223069830,296.0000,2
213368164,Pedro Jiménez Pérez,108.18,7.68,pass213368164,297.0000,6
638241953,María Díaz Gómez,228.76,8.40,pass638241953,298.0000,6
207451148,Luis López García,165.67,7.05,pass207451148,299.0000,7
970076841,Miguel Jiménez Ruiz,278.86,8.87,pass970076841,300.0000,7
393682152,Juan González Jiménez,64.71,9.58,pass393682152,301.0000,5
937325209,Pedro Ruiz Muñoz,256.84,9.70,pass937325209,302.0000,6
851465396,Miguel Ruiz Sánchez,209.45,6.86,pass851465396,303.0000,1
204921313,Miguel Ruiz Muñoz,286.17,7.40,pass204921313,304.0000,1
855500195,Sofia Fernández González,213.70,6.42,pass855500195,305.0000,4
011765122,Juan Martínez Pérez,38.83,8.53,pass011765122,306.0000,5
457941987,Daniel Gómez Muñoz,324.45,6.09,pass457941987,307.0000,4
381987266,Daniel Rodríguez Martínez,146.06,7.44,pass381987266,308.0000,2
430654360,Sofia Martin Álvarez,68.40,8.74,pass430654360,309.0000,4
018528339,Pedro Moreno Jiménez,371.74,7.98,pass018528339,310.0000,3
135358976,Patricia Muñoz Hernández,187.55,8.01,pass135358976,311.0000,7
156481983,Antonio Martínez Muñoz,101.73,6.83,pass156481983,312.0000,6
183702955,Elena García Sánchez,351.06,8.38,pass183702955,313.0000,2
884462117,Francisco González Martin,270.77,8.44,pass884462117,314.0000,10
184107280,Carmen Pérez Álvarez,278.82,6.03,pass184107280,315.0000,6
808958491,Lucia Martin García,254.77,7.38,pass808958491,316.0000,4
083832050,Carmen Moreno López,55.77,6.71,pass083832050,317.0000,7
634077907,Juan Martínez López,394.41,8.69,pass634077907,318.0000,3
038634333,Juan Sánchez Moreno,141.75,6.83,pass038634333,319.0000,4
452242555,David Moreno López,302.27,7.81,pass452242555,320.0000,10
685505711,Francisco Rodríguez Jiménez,206.93,9.70,pass685505711,321.0000,7
076904799,Francisco Jiménez Pérez,118.75,9.59,pass076904799,322.0000,2
248186448,Elena Muñoz Díaz,291.90,6.45,pass248186448,323.0000,9
528035369,Lucia Jiménez Sánchez,229.79,7.94,pass528035369,324.0000,6
584777585,Laura Martínez Martínez,150.10,7.94,pass584777585,325.0000,8
068665032,Elena Gómez Rodríguez,264.36,7.00,pass068665032,326.0000,5
937974032,Carlos García Gómez,200.61,6.11,pass937974032,327.0000,1
787561171,Laura Muñoz Muñoz,133.04,9.37,pass787561171,328.0000,1
628009369,Antonio Díaz Hernández,375.52,8.16,pass628009369,329.0000,10
701074388,Miguel Rodríguez Fernández,375.38,9.85,pass701074388,330.0000,6
927394196,David Álvarez Moreno,208.39,9.29,pass927394196,331.0000,1
400259014,Juan Gómez Ruiz,309.08,8.48,pass400259014,332.0000,2
435850363,María González Álvarez,161.04,9.52,pass435850363,333.0000,6
150824054,Lucia García Moreno,224.47,9.28,pass150824054,334.0000,6
978703355,Sofia Martínez Ruiz,142.77,6.23,pass978703355,335.0000,1
817755783,Elena Pérez Muñoz,393.22,7.39,pass817755783,336.0000,1
496590250,Carmen García Pérez,190.99,8.70,pass496590250,337.0000,5
627712345,Ana Jiménez Fernández,69.92,6.26,pass627712345,338.0000,3
236508773,Daniel López Sánchez,349.42,9.60,pass236508773,339.0000,9
110302818,Sofia Muñoz Álvarez,22.20,7.78,pass110302818,340.0000,3
827936218,Laura Hernández Martínez,80.15,7.80,pass827936218,341.0000,10
584321229,Francisco Díaz Martin,121.10,8.05,pass584321229,342.0000,3
488822982,Pedro Muñoz García,112.12,8.27,pass488822982,343.0000,3
509897495,Ana Rodríguez González,355.59,6.93,pass509897495,344.0000,10
890902763,Antonio Martínez García,108.01,8.22,pass890902763,345.0000,9
690421877,David Martínez Sánchez,77.70,6.22,pass690421877,346.0000,5
680754968,David Díaz García,397.06,6.66,pass680754968,347.0000,2
085175606,Carmen Martin Jiménez,348.21,7.57,pass085175606,348.0000,2
959815239,Isabel Martin González,207.57,6.56,pass959815239,349.0000,10
618678020,José Fernández López,194.33,8.46,pass618678020,350.0000,6
576772063,Daniel Álvarez Rodríguez,70.13,6.92,pass576772063,351.0000,9
443212291,Laura García Pérez,153.99,8.11,pass443212291,352.0000,1
623727075,Daniel Jiménez Martin,55.02,8.52,pass623727075,353.0000,4
333626812,Carmen Álvarez Ruiz,387.18,7.58,pass333626812,354.0000,6
414086646,Monica Martin Fernández,162.15,6.63,pass414086646,355.0000,10
183866675,Lucia Fernández López,338.46,9.04,pass183866675,356.0000,5
320123396,Lucia Sánchez Fernández,171.94,8.28,pass320123396,357.0000,7
640585162,David Jiménez Pérez,162.36,7.44,pass640585162,358.0000,5
693156529,Ana García González,216.20,9.04,pass693156529,359.0000,5
590677982,Lucia López Martin,241.53,6.79,pass590677982,360.0000,1
103206967,Sofia Ruiz Moreno,100.17,7.58,pass103206967,361.0000,4
265600258,Francisco Sánchez Jiménez,226.45,9.39,pass265600258,362.0000,2
548328816,María Jiménez Hernández,143.79,9.25,pass548328816,363.0000,9
523185780,Carmen Díaz Pérez,184.61,8.40,pass523185780,364.0000,6
118907393,Miguel Muñoz Álvarez,380.95,7.12,pass118907393,365.0000,3
512413799,Pedro Hernández Moreno,339.27,7.77,pass512413799,366.0000,10
563116981,Laura Muñoz López,142.21,6.74,pass563116981,367.0000,9
399256961,Sofia González Jiménez,257.31,8.68,pass399256961,368.0000,4
681314257,Monica López Rodríguez,364.58,8.09,pass681314257,369.0000,9
967299526,Patricia Díaz González,85.82,8.01,pass967299526,370.0000,2
229971428,Juan Martin López,264.11,7.70,pass229971428,371.0000,9
269120294,Ana Hernández Ruiz,387.36,6.28,pass269120294,372.0000,8
910630252,Juan Hernández Hernández,34.78,7.05,pass910630252,373.0000,10
419476502,Monica Martínez Hernández,260.27,6.08,pass419476502,374.0000,10
008297345,Laura Hernández Jiménez,282.19,6.63,pass008297345,375.0000,1
531885801,Elena Hernández Pérez,114.75,8.07,pass531885801,376.0000,4
340885165,Carmen Álvarez Rodríguez,252.69,7.32,pass340885165,377.0000,5
627504658,Sofia López Martínez,207.96,6.17,pass627504658,378.0000,4
371877804,Laura Hernández Hernández,196.89,8.01,pass371877804,379.0000,9
709246227,Juan Rodríguez Jiménez,76.22,6.97,pass709246227,380.0000,6
907717227,Antonio Martínez Pérez,369.60,9.79,pass907717227,381.0000,2
722674727,Carlos Rodríguez Rodríguez,263.49,7.19,pass722674727,382.0000,7
612132071,Carmen Hernández Gómez,193.17,6.17,pass612132071,383.0000,5
453185490,Daniel Muñoz Martínez,139.15,7.79,pass453185490,384.0000,2
926107940,María Gómez Martin,204.57,9.49,pass926107940,385.0000,8
448219095,Francisco Ruiz López,92.47,7.75,pass448219095,386.0000,3
708460926,Sofia Álvarez Martin,243.39,7.23,pass708460926,387.0000,6
144912030,David Moreno García,285.74,8.42,pass144912030,388.0000,8
843466445,Pedro Hernández Álvarez,233.53,6.01,pass843466445,389.0000,4
358507186,Antonio Álvarez Álvarez,172.67,9.70,pass358507186,390.0000,6
058894827,José López Muñoz,78.18,8.89,pass058894827,391.0000,3
689647851,Ana Moreno Jiménez,217.60,9.71,pass689647851,392.0000,5
694925465,Sofia Rodríguez López,149.77,6.51,pass694925465,393.0000,8
483619471,Patricia Muñoz García,236.35,7.87,pass483619471,394.0000,3
545017142,Laura Díaz Jiménez,284.00,6.88,pass545017142,395.0000,4
566462775,María Martin Sánchez,228.52,8.89,pass566462775,396.0000,8
509883359,Ana Sánchez Ruiz,72.20,8.41,pass509883359,397.0000,7
499942437,Laura Jiménez Díaz,339.60,9.25,pass499942437,398.0000,6
975964217,Isabel González García,277.44,7.14,pass975964217,399.0000,3
311703437,David Moreno López,299.07,6.28,pass311703437,400.0000,5
461779517,Antonio Moreno Sánchez,337.69,6.21,pass461779517,401.0000,8
660721889,Daniel González González,207.08,8.94,pass660721889,402.0000,5
951963890,Francisco Álvarez Díaz,129.27,6.59,pass951963890,403.0000,5
504426716,Daniel Martínez Hernández,160.51,9.17,pass504426716,404.0000,1
116470594,Antonio López Martínez,96.25,6.16,pass116470594,405.0000,7
179447747,Carmen López Moreno,140.73,6.40,pass179447747,406.0000,6
766733471,Pedro Ruiz González,388.81,6.44,pass766733471,407.0000,7
384935176,Lucia Sánchez López,117.44,8.44,pass384935176,408.0000,8
150760362,Juan Álvarez Moreno,54.06,8.21,pass150760362,409.0000,5
754900207,Lucia Sánchez González,159.93,6.55,pass754900207,410.0000,8
742004541,Antonio Rodríguez Álvarez,128.70,8.67,pass742004541,411.0000,6
586449223,José García Sánchez,208.89,6.34,pass586449223,412.0000,9
640968092,David Díaz Pérez,158.08,9.35,pass640968092,413.0000,10
534685362,David Martin López,136.87,7.46,pass534685362,414.0000,4
995435701,Carmen López Ruiz,153.38,9.92,pass995435701,415.0000,9
352227238,María Álvarez González,285.60,6.41,pass352227238,416.0000,5
987496928,Luis Fernández Gómez,88.43,8.26,pass987496928,417.0000,10
729565799,María Sánchez Martin,86.15,9.52,pass729565799,418.0000,1
788896786,José Ruiz López,230.98,8.54,pass788896786,419.0000,1
142775003,Patricia Díaz Jiménez,207.96,7.93,pass142775003,420.0000,6
241859791,David Hernández Álvarez,219.91,8.87,pass241859791,421.0000,9
543712726,María Ruiz González,140.26,7.41,pass543712726,422.0000,6
202014354,Monica González Gómez,157.38,6.91,pass202014354,423.0000,7
881698929,Isabel Rodríguez Álvarez,163.23,8.76,pass881698929,424.0000,3
856124577,Luis Rodríguez Sánchez,92.27,9.28,pass856124577,425.0000,5
415839493,Lucia Ruiz Díaz,293.71,8.11,pass415839493,426.0000,4
732757483,Francisco Gómez Pérez,344.01,7.52,pass732757483,427.0000,10
658149821,Carlos Rodríguez Martínez,363.46,8.48,pass658149821,428.0000,5
059044467,David García Díaz,390.73,6.33,pass059044467,429.0000,8
119522354,José Muñoz Álvarez,348.10,8.97,pass119522354,430.0000,8
046331388,Isabel Rodríguez Martin,116.28,6.24,pass046331388,431.0000,1
500053390,Ana López Martin,156.44,6.10,pass500053390,432.0000,9
059743086,Monica Ruiz González,302.65,6.14,pass059743086,433.0000,8
161425534,Juan Moreno Rodríguez,257.12,8.91,pass161425534,434.0000,7
725556016,Carmen Jiménez Gómez,378.39,9.26,pass725556016,435.0000,4
069077000,Monica Díaz Álvarez,380.59,7.27,pass069077000,436.0000,7
446716277,Juan García Álvarez,364.11,9.59,pass446716277,437.0000,10
167204745,Juan Rodríguez González,256.67,9.19,pass167204745,438.0000,5
130521124,Carlos Martin Fernández,202.22,8.30,pass130521124,439.0000,4
347549111,Isabel López Muñoz,241.93,6.97,pass347549111,440.0000,10
227986894,Laura Rodríguez Martin,101.15,8.05,pass227986894,441.0000,8
625575001,Miguel Moreno Fernández,288.14,8.04,pass625575001,442.0000,4
061121908,Daniel Moreno García,352.73,9.99,pass061121908,443.0000,6
722701929,María Rodríguez López,106.35,7.39,pass722701929,444.0000,5
922935485,Isabel Jiménez Fernández,84.33,6.44,pass922935485,445.0000,6
470248324,Juan López Hernández,45.21,9.50,pass470248324,446.0000,4
221673859,Carlos Sánchez Hernández,330.68,6.44,pass221673859,447.0000,4
339078525,Luis Pérez Fernández,283.66,6.18,pass339078525,448.0000,5
363648022,María Fernández Hernández,32.67,7.82,pass363648022,449.0000,2
154885733,Pedro González Gómez,313.87,7.46,pass154885733,450.0000,6
478157515,Miguel Moreno Muñoz,274.45,6.06,pass478157515,451.0000,10
435517970,Francisco Sánchez López,271.28,8.81,pass435517970,452.0000,4
059600124,Patricia Fernández Hernández,142.96,9.89,pass059600124,453.0000,1
988892509,Patricia Fernández Jiménez,93.66,6.67,pass988892509,454.0000,10
757594080,María Fernández Hernández,397.44,9.57,pass757594080,455.0000,2
397393945,Lucia Álvarez Gómez,204.93,7.17,pass397393945,456.0000,10
217251058,Daniel González Gómez,324.19,7.94,pass217251058,457.0000,10
391393266,Ana García Martin,23.95,7.99,pass391393266,458.0000,5
366756179,José Ruiz García,364.48,6.86,pass366756179,459.0000,9
387688181,Laura Jiménez González,111.33,9.55,pass387688181,460.0000,2
425203587,Monica Moreno Martínez,123.30,9.73,pass425203587,461.0000,8
847322847,Lucia Gómez García,93.47,6.54,pass847322847,462.0000,7
754522461,María Sánchez González,371.94,6.89,pass754522461,463.0000,5
453960748,Daniel Sánchez López,73.74,8.68,pass453960748,464.0000,3
997462119,Francisco Ruiz Hernández,57.91,6.47,pass997462119,465.0000,8
719536518,Antonio Moreno Díaz,183.47,9.66,pass719536518,466.0000,2
137821618,Carlos González Fernández,389.39,6.67,pass137821618,467.0000,4
028395071,Lucia Martínez Muñoz,144.93,9.79,pass028395071,468.0000,5
341613489,Francisco Muñoz Álvarez,44.83,9.89,pass341613489,469.0000,2
446586555,Patricia Martin García,65.52,7.92,pass446586555,470.0000,3
946003835,Laura López Martínez,387.86,8.28,pass946003835,471.0000,7
937167071,Ana Sánchez López,254.30,7.30,pass937167071,472.0000,1
225893346,Sofia Moreno Hernández,108.78,6.94,pass225893346,473.0000,4
669626813,Isabel López López,63.24,7.17,pass669626813,474.0000,6
804759951,Miguel González Jiménez,379.56,9.48,pass804759951,475.0000,3
212167402,Miguel López Hernández,235.92,6.83,pass212167402,476.0000,3
181650179,José Martínez Hernández,274.94,8.05,pass181650179,477.0000,9
001589502,Lucia Fernández González,374.39,8.81,pass001589502,478.0000,6
918233005,Antonio Martínez López,307.15,7.44,pass918233005,479.0000,2
034180461,Ana Álvarez López,352.62,8.14,pass034180461,480.0000,9
572311185,Francisco Gómez Díaz,131.08,9.16,pass572311185,481.0000,8
321156206,Francisco González Moreno,94.06,9.08,pass321156206,482.0000,10
781237518,Laura Díaz López,166.75,6.24,pass781237518,483.0000,6
193833086,José Muñoz Jiménez,267.52,9.97,pass193833086,484.0000,10
814954861,Monica Fernández López,310.31,7.15,pass814954861,485.0000,7
035798690,Elena Ruiz Martin,203.09,7.93,pass035798690,486.0000,1
687089208,Elena Rodríguez Álvarez,228.35,7.38,pass687089208,487.0000,6
338457919,Isabel Rodríguez Muñoz,339.03,9.22,pass338457919,488.0000,5
687259607,Elena Martin Martínez,113.87,7.01,pass687259607,489.0000,3
155369746,Monica Martin Fernández,326.67,6.37,pass155369746,490.0000,9
991188484,Juan González Díaz,209.70,8.83,pass991188484,491.0000,10
614001903,David López García,207.89,8.95,pass614001903,492.0000,8
781441829,Patricia Rodríguez Moreno,345.07,9.35,pass781441829,493.0000,6
180778752,Ana Martin Hernández,127.33,8.00,pass180778752,494.0000,6
870635531,David Jiménez Díaz,85.33,9.09,pass870635531,495.0000,1
804575051,Carlos Pérez Muñoz,105.60,9.90,pass804575051,496.0000,5
677398920,Laura Pérez Pérez,399.95,8.43,pass677398920,497.0000,8
440878523,Isabel Jiménez Moreno,193.91,9.13,pass440878523,498.0000,3
862236994,Antonio Ruiz García,191.24,9.92,pass862236994,499.0000,10
841379189,Laura Martin López,242.57,7.19,pass841379189,500.0000,10
811955997,Miguel García López,138.13,7.87,pass811955997,501.0000,9
186293119,Luis Sánchez Díaz,83.52,7.73,pass186293119,502.0000,5
283354905,Patricia Jiménez Pérez,377.40,9.23,pass283354905,503.0000,5
204786939,Ana Pérez Martínez,271.19,6.75,pass204786939,504.0000,9
264315787,María Moreno Jiménez,238.31,9.32,pass264315787,505.0000,10
908959461,Miguel Martin García,226.89,6.90,pass908959461,506.0000,7
615418994,Luis Martin Moreno,325.44,7.20,pass615418994,507.0000,2
211854900,Isabel Moreno Pérez,224.22,7.50,pass211854900,508.0000,2
312275401,Laura López Hernández,46.80,9.39,pass312275401,509.0000,8
811296338,Laura Gómez Álvarez,79.71,6.78,pass811296338,510.0000,6
468353411,Juan Álvarez Muñoz,86.87,9.70,pass468353411,511.0000,10
346156373,Pedro Álvarez Martin,302.22,9.41,pass346156373,512.0000,9
032669460,Sofia Muñoz González,354.61,6.79,pass032669460,513.0000,10
338037683,Laura Moreno Hernández,391.66,9.56,pass338037683,514.0000,3
030558697,Isabel Ruiz Rodríguez,148.31,7.12,pass030558697,515.0000,10
689588580,Miguel Hernández Gómez,65.05,7.35,pass689588580,516.0000,7
233281799,Luis Martin Sánchez,69.15,8.52,pass233281799,517.0000,7
268002370,Lucia Díaz Martin,73.49,8.84,pass268002370,518.0000,4
809268798,Daniel Sánchez Martínez,94.98,6.64,pass809268798,519.0000,8
710054841,Antonio González Hernández,371.94,9.73,pass710054841,520.0000,3
261110871,Elena Martínez Pérez,299.62,9.43,pass261110871,521.0000,2
007900365,María Fernández Fernández,68.10,6.17,pass007900365,522.0000,1
649570359,Francisco Fernández Sánchez,300.50,8.52,pass649570359,523.0000,1
313420124,María García Ruiz,132.41,9.50,pass313420124,524.0000,1
724673900,Luis González Jiménez,52.21,8.78,pass724673900,525.0000,6
873259805,Juan Gómez García,95.99,9.03,pass873259805,526.0000,6
379490473,Juan Moreno Hernández,362.35,7.98,pass379490473,527.0000,5
670806096,Patricia López Ruiz,176.02,6.63,pass670806096,528.0000,7
925034878,José Martínez Gómez,50.31,8.01,pass925034878,529.0000,7
919652938,Ana Rodríguez Álvarez,227.70,8.70,pass919652938,530.0000,1
098667467,Carlos Martin Moreno,365.63,7.40,pass098667467,531.0000,7
079983819,Pedro López Rodríguez,42.69,6.98,pass079983819,532.0000,7
266598598,Sofia Martínez Pérez,138.37,9.86,pass266598598,533.0000,8
849966247,Patricia García Sánchez,276.31,8.80,pass849966247,534.0000,5
539885529,Antonio Ruiz Moreno,134.77,9.10,pass539885529,535.0000,10
809539457,Miguel Muñoz López,177.56,6.20,pass809539457,536.0000,8
062935426,Monica Gómez Martínez,233.36,6.31,pass062935426,537.0000,9
761747476,Isabel González García,101.76,8.11,pass761747476,538.0000,5
812248734,María Martin Jiménez,362.75,9.25,pass812248734,539.0000,4
226104626,José Gómez Jiménez,44.30,6.38,pass226104626,540.0000,5
088100854,Antonio Gómez Muñoz,237.23,9.44,pass088100854,541.0000,6
679050231,Daniel López Díaz,135.22,6.39,pass679050231,542.0000,5
219511930,David Álvarez López,270.62,9.50,pass219511930,543.0000,9
591106174,Carlos Pérez García,209.21,9.34,pass591106174,544.0000,2
171875067,David Gómez Hernández,375.86,9.42,pass171875067,545.0000,8
424321549,Ana Moreno Sánchez,106.77,7.54,pass424321549,546.0000,4
362775009,Sofia García González,286.26,8.00,pass362775009,547.0000,1
706000481,Carmen Jiménez García,154.70,6.24,pass706000481,548.0000,10
822022595,Elena García Jiménez,65.08,9.35,pass822022595,549.0000,1
880813901,Patricia Hernández Moreno,32.56,8.19,pass880813901,550.0000,9
947742844,María Martin Sánchez,40.60,6.23,pass947742844,551.0000,3
376154863,Antonio Gómez Martin,335.35,8.44,pass376154863,552.0000,10
215644095,Lucia Álvarez Pérez,383.02,7.33,pass215644095,553.0000,6
392167547,Laura Pérez Pérez,88.54,6.34,pass392167547,554.0000,9
649041805,José Moreno López,162.14,8.09,pass649041805,555.0000,4
242322773,Ana Martínez Fernández,292.25,8.60,pass242322773,556.0000,6
152825192,Pedro Muñoz Álvarez,249.46,8.46,pass152825192,557.0000,4
681621528,Luis González Díaz,147.31,7.05,pass681621528,558.0000,10
631461407,María Díaz González,226.16,8.92,pass631461407,559.0000,10
880090269,Carmen García Martin,232.33,7.51,pass880090269,560.0000,2
870893135,Antonio Rodríguez García,277.53,9.02,pass870893135,561.0000,1
673705010,Francisco Moreno Gómez,281.72,9.47,pass673705010,562.0000,7
401513767,José Díaz Díaz,143.67,6.98,pass401513767,563.0000,2
377975908,Sofia López Gómez,177.97,6.54,pass377975908,564.0000,10
936129647,Patricia Martínez Díaz,150.89,9.94,pass936129647,565.0000,4
982750082,Antonio Muñoz Martínez,64.47,6.74,pass982750082,566.0000,2
215019654,María Jiménez Jiménez,117.24,6.20,pass215019654,567.0000,5
614795540,Juan Rodríguez Sánchez,279.45,9.13,pass614795540,568.0000,4
860959199,Miguel Hernández Muñoz,170.49,7.04,pass860959199,569.0000,4
710117591,Luis Martínez Hernández,316.41,6.09,pass710117591,570.0000,10
102880180,Antonio Martínez Moreno,265.36,8.13,pass102880180,571.0000,1
460102384,Daniel Gómez Martin,157.78,7.69,pass460102384,572.0000,10
344395795,Juan Martínez Fernández,309.08,7.35,pass344395795,573.0000,3
568332795,Isabel Díaz López,238.02,8.79,pass568332795,574.0000,4
770121715,Pedro Hernández Sánchez,45.75,6.27,pass770121715,575.0000,2
167478544,Carmen Moreno Jiménez,48.78,8.72,pass167478544,576.0000,9
209701672,Francisco Pérez González,248.55,9.53,pass209701672,577.0000,1
817210015,Patricia Hernández Gómez,58.40,9.88,pass817210015,578.0000,7
444672587,Isabel Hernández Martínez,328.57,8.08,pass444672587,579.0000,3
401327403,José García Hernández,390.60,6.59,pass401327403,580.0000,7
202544031,Juan Rodríguez Muñoz,35.98,7.25,pass202544031,581.0000,5
858645715,Carlos Gómez Moreno,233.92,6.78,pass858645715,582.0000,7
634320757,Pedro Díaz Rodríguez,285.45,7.46,pass634320757,583.0000,7
572083611,Patricia Moreno López,236.57,9.50,pass572083611,584.0000,7
205831729,Francisco Rodríguez Gómez,277.08,9.94,pass205831729,585.0000,1
665471187,Isabel Álvarez Muñoz,84.83,6.90,pass665471187,586.0000,10
404900212,Lucia Hernández Fernández,107.26,9.74,pass404900212,587.0000,9
750926462,Antonio Muñoz Moreno,122.57,7.84,pass750926462,588.0000,7
080371030,Antonio Moreno Hernández,152.79,6.66,pass080371030,589.0000,5
374535609,Pedro Hernández Hernández,152.49,6.34,pass374535609,590.0000,6
701895711,Lucia Pérez Hernández,164.47,7.51,pass701895711,591.0000,8
404038351,Antonio Jiménez Gómez,114.24,8.55,pass404038351,592.0000,10
445792043,Sofia Ruiz Sánchez,114.13,9.27,pass445792043,593.0000,10
940363288,Lucia Díaz Sánchez,71.75,9.48,pass940363288,594.0000,4
287747114,David Martínez Martin,157.49,7.15,pass287747114,595.0000,4
859554618,Luis García Martin,382.96,6.98,pass859554618,596.0000,4
244015886,Miguel Moreno González,63.30,9.16,pass244015886,597.0000,1
885791179,Sofia González Martin,324.12,9.97,pass885791179,598.0000,1
427673995,Daniel Martin García,191.38,9.50,pass427673995,599.0000,1
149182482,Monica Díaz Jiménez,151.71,9.48,pass149182482,600.0000,1
554478789,Lucia González Gómez,164.99,7.05,pass554478789,601.0000,1
551622163,Miguel Martínez Díaz,305.28,8.07,pass551622163,602.0000,6
603312312,Isabel Pérez Álvarez,189.12,8.15,pass603312312,603.0000,8
590859814,Carmen Moreno Hernández,231.98,8.99,pass590859814,604.0000,8
793972551,Isabel García Muñoz,110.81,8.00,pass793972551,605.0000,6
257936383,Carlos Jiménez Díaz,167.59,6.93,pass257936383,606.0000,6
061356178,Monica Fernández García,210.92,7.06,pass061356178,607.0000,7
494515920,Monica Muñoz Martin,181.12,6.00,pass494515920,608.0000,3
680215791,Elena Ruiz Jiménez,42.00,10.00,pass680215791,609.0000,3
287095806,Juan Hernández Álvarez,223.09,9.40,pass287095806,610.0000,5
078390816,Laura Muñoz González,33.21,6.20,pass078390816,611.0000,8
805698050,Juan Martin Pérez,346.07,9.33,pass805698050,612.0000,9
620759053,Carmen Gómez Hernández,120.84,9.79,pass620759053,613.0000,2
668634720,David Álvarez Hernández,235.05,9.26,pass668634720,614.0000,7
892908000,Antonio Sánchez Moreno,380.23,8.80,pass892908000,615.0000,5
862891254,Carlos López Muñoz,283.71,9.91,pass862891254,616.0000,3
307028636,Antonio Martínez Martin,249.50,8.44,pass307028636,617.0000,9
497696434,José Álvarez Álvarez,147.75,6.92,pass497696434,618.0000,9
047386933,Monica Martínez Sánchez,353.72,9.55,pass047386933,619.0000,2
724585179,Sofia Martínez Muñoz,80.89,7.49,pass724585179,620.0000,3
456960748,Miguel Martin Sánchez,326.94,9.45,pass456960748,621.0000,2
136703055,Pedro Hernández Pérez,162.87,8.20,pass136703055,622.0000,7
792670524,José Martínez Moreno,71.83,6.64,pass792670524,623.0000,2
426419194,David Rodríguez Álvarez,277.81,9.92,pass426419194,624.0000,10
848906001,Carlos Pérez Martínez,28.58,7.59,pass848906001,625.0000,3
555883873,Francisco Díaz López,308.55,6.03,pass555883873,626.0000,2
376198933,José Díaz Martin,346.94,9.21,pass376198933,627.0000,3
588089354,Miguel Martínez Martin,87.48,7.90,pass588089354,628.0000,6
780514107,Francisco González Díaz,331.92,7.80,pass780514107,629.0000,2
339981506,Sofia García Pérez,162.44,6.14,pass339981506,630.0000,2
858111562,Monica Ruiz Rodríguez,164.18,9.93,pass858111562,631.0000,6
181630885,Francisco Álvarez Sánchez,240.78,8.68,pass181630885,632.0000,2
648387240,David Jiménez Hernández,171.54,9.62,pass648387240,633.0000,9
555380652,Patricia Hernández Hernández,83.61,7.75,pass555380652,634.0000,1
784351902,Luis Gómez Martin,27.18,7.91,pass784351902,635.0000,4
626888508,Patricia Pérez López,232.02,8.20,pass626888508,636.0000,2
303798835,Sofia Fernández Martin,211.61,8.40,pass303798835,637.0000,2
997255748,Lucia Gómez Sánchez,100.13,8.26,pass997255748,638.0000,4
100436631,María Gómez García,215.89,8.11,pass100436631,639.0000,7
005869160,Sofia García Díaz,32.91,6.48,pass005869160,640.0000,3
843047104,Elena Fernández Hernández,330.60,7.66,pass843047104,641.0000,1
314329648,Daniel Sánchez Álvarez,108.67,7.66,pass314329648,642.0000,5
264063778,Antonio Jiménez Hernández,352.32,9.43,pass264063778,643.0000,9
915505953,Sofia Rodríguez Álvarez,144.51,7.73,pass915505953,644.0000,9
132718621,María Moreno Martínez,363.60,7.23,pass132718621,645.0000,1
442753221,Antonio Jiménez Ruiz,190.48,7.10,pass442753221,646.0000,2
953169487,Laura Hernández Jiménez,354.68,9.72,pass953169487,647.0000,6
472266135,Pedro Álvarez Moreno,65.96,8.99,pass472266135,648.0000,8
146696005,Luis Díaz Muñoz,200.90,9.80,pass146696005,649.0000,5
986116827,Daniel Fernández López,114.48,7.59,pass986116827,650.0000,9
175575169,David Pérez López,237.59,8.45,pass175575169,651.0000,4
528633677,Ana Hernández Díaz,316.71,6.16,pass528633677,652.0000,2
534594555,Luis Sánchez Moreno,218.05,9.69,pass534594555,653.0000,3
548489888,Luis Díaz Fernández,201.79,6.12,pass548489888,654.0000,8
955617442,Lucia Gómez Álvarez,326.92,6.54,pass955617442,655.0000,7
747489544,Luis Martin González,334.44,9.60,pass747489544,656.0000,10
196004210,Daniel Rodríguez Martínez,372.30,8.00,pass196004210,657.0000,7
972053813,Isabel García Hernández,269.16,6.88,pass972053813,658.0000,8
761369246,Monica Álvarez Muñoz,241.23,6.44,pass761369246,659.0000,8
099215094,Miguel Martin Gómez,244.97,7.29,pass099215094,660.0000,6
878646319,David Sánchez López,203.04,6.55,pass878646319,661.0000,8
611258781,Elena Díaz Martin,248.26,9.48,pass611258781,662.0000,2
105986443,David Martin Rodríguez,29.00,8.67,pass105986443,663.0000,9
615406271,Laura Pérez López,142.44,9.54,pass615406271,664.0000,9
301436262,María Rodríguez Fernández,259.96,8.12,pass301436262,665.0000,9
187831564,Sofia Martínez García,217.38,8.77,pass187831564,666.0000,10
607566859,Patricia Jiménez Fernández,380.47,7.67,pass607566859,667.0000,9
666301424,Antonio Álvarez Pérez,88.00,7.74,pass666301424,668.0000,9
706543856,Daniel Gómez García,51.47,9.25,pass706543856,669.0000,6
160880728,Francisco Jiménez Pérez,257.82,6.30,pass160880728,670.0000,2
993586296,Carlos López Sánchez,236.32,9.39,pass993586296,671.0000,9
614962830,Carmen Pérez Ruiz,293.82,8.48,pass614962830,672.0000,3
980745221,Francisco Díaz Moreno,118.25,9.98,pass980745221,673.0000,3
486712019,Lucia Fernández Jiménez,362.89,6.71,pass486712019,674.0000,3
803249751,Carlos Sánchez Muñoz,151.36,6.78,pass803249751,675.0000,8
254036001,Ana Martínez Álvarez,245.26,7.67,pass254036001,676.0000,8
914195975,Isabel Rodríguez Muñoz,312.01,6.26,pass914195975,677.0000,2
831440267,Lucia González Martínez,239.77,6.41,pass831440267,678.0000,3
083465861,Antonio Jiménez Moreno,61.08,7.44,pass083465861,679.0000,1
190103527,Elena Hernández González,108.86,6.79,pass190103527,680.0000,2
645146859,Juan Pérez Rodríguez,177.99,7.64,pass645146859,681.0000,1
971472175,Sofia Pérez Moreno,156.03,8.16,pass971472175,682.0000,3
287953253,Miguel Ruiz Rodríguez,181.00,8.12,pass287953253,683.0000,9
715497293,María Ruiz López,196.23,9.32,pass715497293,684.0000,6
290700047,Daniel Ruiz García,341.26,7.01,pass290700047,685.0000,1
110345233,Antonio Pérez Sánchez,151.39,9.82,pass110345233,686.0000,2
655159512,David Martínez Ruiz,304.82,7.81,pass655159512,687.0000,1
517437467,Miguel Díaz García,344.94,6.07,pass517437467,688.0000,6
365182733,Patricia García Rodríguez,301.59,8.79,pass365182733,689.0000,5
712358851,Francisco Fernández Hernández,22.99,6.56,pass712358851,690.0000,1
298044577,José Álvarez García,95.62,6.25,pass298044577,691.0000,2
301482200,Isabel Ruiz Pérez,315.91,6.29,pass301482200,692.0000,7
233878573,Miguel Sánchez Gómez,209.35,8.78,pass233878573,693.0000,6
089089277,Francisco Gómez Gómez,157.66,9.19,pass089089277,694.0000,10
555993697,María Martínez Martin,306.68,6.47,pass555993697,695.0000,7
908229824,Miguel Martínez Hernández,394.52,7.21,pass908229824,696.0000,5
253077375,Luis Álvarez Martin,225.95,9.38,pass253077375,697.0000,9
465100806,Elena Pérez Ruiz,368.28,9.25,pass465100806,698.0000,3
761986970,Antonio Muñoz Gómez,203.07,9.75,pass761986970,699.0000,4
866926490,Antonio Fernández González,217.07,7.53,pass866926490,700.0000,5
562289924,Pedro López García,366.31,7.35,pass562289924,701.0000,9
108308493,Laura Moreno Díaz,273.19,9.31,pass108308493,702.0000,3
933182456,David Hernández Gómez,303.53,6.14,pass933182456,703.0000,5
547014587,Patricia Ruiz Hernández,268.01,6.58,pass547014587,704.0000,3
257217773,Sofia Ruiz Álvarez,177.90,8.59,pass257217773,705.0000,4
690612688,Monica Gómez Sánchez,297.16,9.87,pass690612688,706.0000,8
588036700,Sofia Moreno Moreno,243.28,7.85,pass588036700,707.0000,1
317042066,Carmen Hernández Moreno,184.52,9.03,pass317042066,708.0000,5
644036678,Francisco Rodríguez Rodríguez,231.51,8.75,pass644036678,709.0000,10
716085742,Antonio Muñoz Jiménez,370.61,8.84,pass716085742,710.0000,4
944130933,Patricia Rodríguez Hernández,132.82,6.77,pass944130933,711.0000,6
915029313,Monica Díaz Hernández,104.51,7.56,pass915029313,712.0000,9
644115045,Miguel Sánchez Martin,221.87,6.09,pass644115045,713.0000,3
750506702,Carlos Hernández Muñoz,319.73,6.98,pass750506702,714.0000,3
527045195,Patricia Díaz Pérez,335.09,7.92,pass527045195,715.0000,1
152873265,Lucia López García,201.88,6.91,pass152873265,716.0000,9
135521698,Luis Moreno Fernández,383.28,8.77,pass135521698,717.0000,1
745680522,Francisco Martínez Muñoz,114.41,6.50,pass745680522,718.0000,2
779529114,Lucia Jiménez Ruiz,24.29,7.47,pass779529114,719.0000,9
047467678,Luis Fernández Álvarez,308.45,6.04,pass047467678,720.0000,5
972751956,Elena Gómez Ruiz,214.62,8.60,pass972751956,721.0000,10
877561993,Isabel Pérez Martínez,93.11,7.61,pass877561993,722.0000,3
032351128,Isabel González Martínez,223.03,9.36,pass032351128,723.0000,7
556507487,Ana Muñoz Álvarez,286.16,7.05,pass556507487,724.0000,4
864228950,David Martin Álvarez,201.19,7.75,pass864228950,725.0000,5
368396961,Juan Sánchez González,374.46,6.87,pass368396961,726.0000,10
801477269,Isabel Gómez Martin,201.53,9.87,pass801477269,727.0000,1
292110194,Carmen Álvarez López,184.74,9.17,pass292110194,728.0000,6
699288488,Ana González Moreno,56.78,6.04,pass699288488,729.0000,1
355672562,Isabel Pérez Díaz,213.59,7.31,pass355672562,730.0000,8
791295416,Miguel Gómez Martínez,242.63,8.02,pass791295416,731.0000,10
179402864,Antonio Martin Muñoz,240.60,7.15,pass179402864,732.0000,5
896830918,Sofia Ruiz Álvarez,388.04,9.13,pass896830918,733.0000,3
377030817,Francisco González Álvarez,168.39,9.92,pass377030817,734.0000,8
128359287,Lucia Rodríguez Jiménez,289.31,9.43,pass128359287,735.0000,9
795445330,Monica Sánchez Fernández,260.62,7.81,pass795445330,736.0000,1
901189577,José Martin Jiménez,25.96,9.96,pass901189577,737.0000,3
608558585,María Gómez Jiménez,65.22,7.47,pass608558585,738.0000,3
427292974,Monica Moreno Rodríguez,297.67,6.53,pass427292974,739.0000,6
543702129,Laura Sánchez Ruiz,71.16,7.95,pass543702129,740.0000,6
252482203,Ana Muñoz Muñoz,133.98,7.41,pass252482203,741.0000,4
875323605,Ana González Jiménez,376.88,9.48,pass875323605,742.0000,10
485169373,Miguel Moreno Ruiz,377.89,6.85,pass485169373,743.0000,2
451942970,Carlos Moreno Muñoz,276.90,8.22,pass451942970,744.0000,8
835045921,José Rodríguez Rodríguez,311.17,8.63,pass835045921,745.0000,9
143409882,Monica Hernández Ruiz,166.60,7.55,pass143409882,746.0000,6
723418815,David Moreno Hernández,77.88,6.79,pass723418815,747.0000,7
325948795,María Rodríguez Rodríguez,126.99,7.86,pass325948795,748.0000,3
350179375,Sofia López Sánchez,60.01,8.08,pass350179375,749.0000,4
213514514,Ana Muñoz Martínez,111.00,6.89,pass213514514,750.0000,8
135722233,Ana García García,370.10,8.02,pass135722233,751.0000,6
132392024,Antonio Pérez Sánchez,126.51,9.16,pass132392024,752.0000,6
161973553,Luis Díaz Martínez,103.41,9.60,pass161973553,753.0000,8
000906574,Ana Jiménez Fernández,72.36,6.85,pass000906574,754.0000,7
000600592,José Ruiz Fernández,40.75,9.97,pass000600592,755.0000,4
118703372,Laura Martin Pérez,120.34,7.56,pass118703372,756.0000,7
048288829,Francisco González Jiménez,133.01,6.87,pass048288829,757.0000,3
677460065,David Gómez Sánchez,205.85,6.84,pass677460065,758.0000,7
791178451,Daniel Jiménez Jiménez,32.37,6.57,pass791178451,759.0000,10
916032654,Carlos Rodríguez Moreno,93.38,8.11,pass916032654,760.0000,3
459856610,María Martin Pérez,112.03,9.91,pass459856610,761.0000,5
210356498,Monica Gómez Hernández,81.19,7.54,pass210356498,762.0000,10
770027168,María Gómez Álvarez,115.80,6.24,pass770027168,763.0000,2
458738958,David García García,76.30,8.82,pass458738958,764.0000,8
042460634,Luis Sánchez González,79.70,9.11,pass042460634,765.0000,1
862837154,Antonio Pérez Martínez,289.56,7.76,pass862837154,766.0000,2
513912048,Elena Rodríguez Muñoz,365.70,7.68,pass513912048,767.0000,8
472647686,José López Pérez,259.33,8.84,pass472647686,768.0000,10
681642190,Elena Fernández Gómez,311.79,6.95,pass681642190,769.0000,1
096347491,David González Díaz,276.83,7.63,pass096347491,770.0000,3
018873932,Daniel Moreno Álvarez,24.92,9.63,pass018873932,771.0000,1
050809887,María Hernández Martin,277.66,8.19,pass050809887,772.0000,4
250519350,Lucia Muñoz López,41.72,6.63,pass250519350,773.0000,9
841270617,Miguel Moreno Pérez,291.72,7.76,pass841270617,774.0000,8
992919493,Laura Moreno Jiménez,167.46,8.99,pass992919493,775.0000,10
771575882,Elena Fernández Jiménez,182.06,7.77,pass771575882,776.0000,6
084012844,Ana Díaz Muñoz,20.35,7.99,pass084012844,777.0000,5
732764476,Francisco Fernández Martin,23.82,9.47,pass732764476,778.0000,5
407640704,Lucia Jiménez Fernández,267.22,6.20,pass407640704,779.0000,3
896488549,Lucia Moreno Ruiz,25.42,7.73,pass896488549,780.0000,5
693011808,Patricia Álvarez Moreno,69.14,6.75,pass693011808,781.0000,4
850242833,Pedro López Álvarez,250.58,8.43,pass850242833,782.0000,1
888119911,Juan Hernández Martin,370.24,7.43,pass888119911,783.0000,8
338501808,Patricia Álvarez Sánchez,42.03,9.67,pass338501808,784.0000,4
212839346,Miguel López Jiménez,280.81,9.52,pass212839346,785.0000,4
026858225,Luis Díaz Gómez,374.58,6.64,pass026858225,786.0000,4
396287660,Daniel García Rodríguez,252.08,8.93,pass396287660,787.0000,8
888531735,Juan Pérez López,70.26,9.44,pass888531735,788.0000,1
831285386,David Rodríguez Martin,184.62,8.88,pass831285386,789.0000,3
849053853,Daniel Muñoz Fernández,352.96,7.58,pass849053853,790.0000,2
236055623,Isabel López Moreno,338.60,9.69,pass236055623,791.0000,10
563662688,Juan González Rodríguez,371.08,7.97,pass563662688,792.0000,2
573158913,Daniel García Moreno,259.30,6.32,pass573158913,793.0000,3
627892018,Sofia Martin Jiménez,159.46,8.57,pass627892018,794.0000,6
384198658,Ana García Rodríguez,38.61,9.53,pass384198658,795.0000,3
036325697,Antonio Ruiz González,365.35,9.55,pass036325697,796.0000,6
737195097,Patricia González Sánchez,185.52,9.38,pass737195097,797.0000,6
901197438,Antonio Díaz Sánchez,196.09,9.12,pass901197438,798.0000,9
477294102,María Rodríguez Díaz,39.76,9.20,pass477294102,799.0000,10
815365895,Francisco Rodríguez Martínez,230.79,6.16,pass815365895,800.0000,8
276089068,Isabel Martin López,362.21,7.43,pass276089068,801.0000,9
567507237,Juan Moreno Pérez,186.47,7.99,pass567507237,802.0000,10
028190762,Juan Pérez Muñoz,75.38,6.55,pass028190762,803.0000,5
643628527,Isabel Moreno Martínez,85.97,9.45,pass643628527,804.0000,8
743522887,José González Fernández,346.17,8.10,pass743522887,805.0000,3
890967754,Isabel Moreno García,155.60,7.31,pass890967754,806.0000,4
148358120,David González Martin,59.39,9.45,pass148358120,807.0000,8
456102927,Sofia Ruiz Gómez,263.42,9.75,pass456102927,808.0000,7
959847172,David Pérez Gómez,172.85,8.93,pass959847172,809.0000,1
547434079,Sofia Martínez Jiménez,52.22,8.50,pass547434079,810.0000,10
269591617,Antonio Muñoz Moreno,268.69,6.01,pass269591617,811.0000,5
893067238,María García González,116.20,9.25,pass893067238,812.0000,7
647887688,Juan Pérez Álvarez,97.73,7.26,pass647887688,813.0000,10
086618413,José Álvarez Muñoz,238.63,7.41,pass086618413,814.0000,4
019429498,Carlos Martínez Álvarez,268.30,6.25,pass019429498,815.0000,6
421003706,Monica Hernández López,33.31,7.12,pass421003706,816.0000,10
071612134,Laura Fernández Martínez,302.44,6.77,pass071612134,817.0000,5
150784770,Juan Hernández Gómez,280.80,7.12,pass150784770,818.0000,7
696282600,Lucia Díaz Díaz,182.97,7.88,pass696282600,819.0000,9
294365980,David Gómez Martin,318.22,6.78,pass294365980,820.0000,2
231067077,Carmen González Moreno,217.60,6.13,pass231067077,821.0000,8
286165361,Francisco Moreno Rodríguez,256.36,6.09,pass286165361,822.0000,4
898278605,David González González,321.17,7.06,pass898278605,823.0000,6
970195214,Carmen Rodríguez López,71.58,6.77,pass970195214,824.0000,1
754183954,Pedro Ruiz Rodríguez,244.97,9.47,pass754183954,825.0000,3
036680880,Elena Martínez López,182.23,7.53,pass036680880,826.0000,7
252440584,Daniel González Hernández,371.89,8.76,pass252440584,827.0000,7
356301821,Patricia Rodríguez Ruiz,334.52,6.18,pass356301821,828.0000,5
901521661,Francisco Álvarez González,96.04,8.08,pass901521661,829.0000,8
001799263,Carmen Ruiz Hernández,304.98,7.56,pass001799263,830.0000,10
054400790,Ana Martínez Jiménez,323.37,9.78,pass054400790,831.0000,3
799892705,Lucia Fernández Moreno,132.18,7.32,pass799892705,832.0000,6
649694758,Carmen Martin Ruiz,380.91,7.90,pass649694758,833.0000,9
354835624,Lucia Díaz Álvarez,157.00,8.54,pass354835624,834.0000,5
688339958,Antonio Martínez Álvarez,373.55,7.99,pass688339958,835.0000,10
274484015,Francisco Rodríguez Fernández,228.37,8.69,pass274484015,836.0000,2
031465130,Patricia Álvarez López,361.87,9.61,pass031465130,837.0000,7
598150504,Miguel Hernández López,259.38,8.84,pass598150504,838.0000,3
158808776,Carlos Díaz Jiménez,96.77,9.20,pass158808776,839.0000,4
211055538,José Martínez Martínez,81.99,9.72,pass211055538,840.0000,10
125745751,Miguel Moreno López,29.39,8.18,pass125745751,841.0000,6
085710827,Pedro Sánchez Gómez,168.62,9.52,pass085710827,842.0000,4
894084472,Carlos Gómez Fernández,398.49,9.45,pass894084472,843.0000,7
527325473,Isabel Sánchez Rodríguez,23.12,7.88,pass527325473,844.0000,3
138437467,Laura Díaz Moreno,344.81,9.79,pass138437467,845.0000,3
826020081,María Martínez Díaz,118.49,8.08,pass826020081,846.0000,1
434279691,Monica Gómez Fernández,130.65,7.62,pass434279691,847.0000,5
938849080,Daniel González Muñoz,63.02,6.11,pass938849080,848.0000,8
155932086,Carlos Sánchez Jiménez,263.70,6.60,pass155932086,849.0000,4
886082459,Francisco Ruiz Muñoz,260.44,7.51,pass886082459,850.0000,1
061486985,Sofia Rodríguez López,153.73,8.45,pass061486985,851.0000,2
430737107,Luis García Sánchez,335.47,8.00,pass430737107,852.0000,6
895925580,Carmen García Martínez,86.61,7.79,pass895925580,853.0000,10
707691304,María Hernández Martínez,96.69,7.28,pass707691304,854.0000,10
715706694,José Muñoz Díaz,178.68,7.51,pass715706694,855.0000,5
060545089,Laura Rodríguez González,79.48,8.69,pass060545089,856.0000,8
613382261,Sofia Moreno González,159.87,6.79,pass613382261,857.0000,10
448717058,Lucia Fernández Ruiz,348.72,9.59,pass448717058,858.0000,4
345612080,Laura Jiménez García,121.68,9.99,pass345612080,859.0000,5
151677882,Patricia Díaz Jiménez,313.29,9.46,pass151677882,860.0000,7
448516753,Pedro Pérez Martin,368.20,8.91,pass448516753,861.0000,8
991534781,Monica Rodríguez López,210.14,9.55,pass991534781,862.0000,10
662175831,Isabel Martínez González,298.00,9.15,pass662175831,863.0000,2
412109650,Lucia González Rodríguez,397.68,7.11,pass412109650,864.0000,6
150082637,Laura Díaz Moreno,322.97,8.11,pass150082637,865.0000,8
971466992,Miguel Fernández Martínez,38.43,9.30,pass971466992,866.0000,3
731004824,Monica Muñoz Moreno,67.19,9.57,pass731004824,867.0000,3
283117678,Antonio Ruiz García,203.39,6.45,pass283117678,868.0000,1
475053254,Ana Muñoz Díaz,395.20,8.77,pass475053254,869.0000,10
744211550,Juan Martin López,342.36,8.06,pass744211550,870.0000,2
628994972,María Hernández González,101.44,8.77,pass628994972,871.0000,1
425500263,Miguel Gómez Gómez,61.63,7.67,pass425500263,872.0000,8
186889383,Pedro López Muñoz,271.10,7.23,pass186889383,873.0000,9
806458633,Daniel García Hernández,63.38,8.61,pass806458633,874.0000,5
274833661,Patricia Moreno González,281.36,9.01,pass274833661,875.0000,1
182331591,Pedro Díaz Pérez,389.41,6.44,pass182331591,876.0000,6
244036847,Luis Fernández López,99.01,6.16,pass244036847,877.0000,1
407760881,José Rodríguez Martínez,348.21,8.79,pass407760881,878.0000,1
543290455,Carlos Pérez López,68.81,6.29,pass543290455,879.0000,10
172514535,Isabel Fernández Moreno,42.24,8.92,pass172514535,880.0000,9
858671364,Laura Moreno Gómez,291.72,8.12,pass858671364,881.0000,4
957939802,Carlos Sánchez García,207.45,8.34,pass957939802,882.0000,6
905253614,Luis Martínez Sánchez,145.63,8.43,pass905253614,883.0000,5
915898692,Carmen Moreno García,235.51,6.60,pass915898692,884.0000,3
126889275,Monica Hernández Ruiz,45.77,8.08,pass126889275,885.0000,8
247437129,Patricia Muñoz Fernández,230.22,6.36,pass247437129,886.0000,4
353799314,Carlos Martin Moreno,118.38,8.20,pass353799314,887.0000,1
992535942,Monica González Hernández,153.00,8.93,pass992535942,888.0000,10
405498283,Elena Moreno López,240.04,8.31,pass405498283,889.0000,10
964680296,José Gómez Gómez,58.50,6.46,pass964680296,890.0000,2
744374155,Miguel Díaz Fernández,94.67,8.86,pass744374155,891.0000,6
341948870,José Pérez Martin,166.02,7.13,pass341948870,892.0000,7
961482145,Sofia Martínez González,20.45,7.54,pass961482145,893.0000,5
758431069,Laura Hernández Pérez,136.69,9.13,pass758431069,894.0000,7
888749646,Antonio Sánchez Díaz,234.54,8.61,pass888749646,895.0000,1
025149820,Juan Jiménez Moreno,240.01,8.76,pass025149820,896.0000,1
041296254,Monica Díaz Rodríguez,384.31,6.60,pass041296254,897.0000,5
543144309,Laura Pérez Hernández,301.50,9.12,pass543144309,898.0000,10
609893814,Daniel Sánchez Martínez,231.51,8.51,pass609893814,899.0000,3
582491013,Laura Rodríguez González,246.64,6.19,pass582491013,900.0000,10
268656340,Isabel Muñoz Martínez,108.33,7.71,pass268656340,901.0000,6
668815785,Monica Martínez López,25.39,6.55,pass668815785,902.0000,8
199730544,Patricia Moreno Gómez,62.58,8.00,pass199730544,903.0000,1
713362561,Francisco González Fernández,289.33,9.49,pass713362561,904.0000,10
329974033,Luis López Moreno,377.85,6.22,pass329974033,905.0000,6
677979917,Elena González Jiménez,72.75,8.01,pass677979917,906.0000,7
058603194,Monica García García,343.50,9.35,pass058603194,907.0000,8
070439333,Sofia Jiménez Jiménez,27.32,6.59,pass070439333,908.0000,2
829046868,María Ruiz Sánchez,211.11,6.79,pass829046868,909.0000,5
031217534,Carmen Muñoz Pérez,72.32,9.15,pass031217534,910.0000,1
767562054,Ana Ruiz Hernández,176.70,6.70,pass767562054,911.0000,2
168031430,Miguel Gómez Martínez,269.43,9.25,pass168031430,912.0000,4
697811318,David Fernández Álvarez,132.34,8.49,pass697811318,913.0000,7
698812719,Antonio Rodríguez Moreno,51.59,6.75,pass698812719,914.0000,3
272061116,Luis Jiménez Pérez,82.61,6.92,pass272061116,915.0000,10
387217811,Carmen González Sánchez,322.53,9.06,pass387217811,916.0000,9
210352128,Ana Sánchez Gómez,109.97,7.48,pass210352128,917.0000,1
727731171,Antonio Hernández Muñoz,339.38,8.25,pass727731171,918.0000,5
284473034,Lucia Martin Martínez,222.22,6.86,pass284473034,919.0000,3
160534491,Ana González Martin,241.69,7.66,pass160534491,920.0000,10
701074817,María González Moreno,382.42,8.99,pass701074817,921.0000,8
860702777,Lucia López Rodríguez,161.40,7.91,pass860702777,922.0000,3
661058937,Isabel Gómez Álvarez,68.57,6.03,pass661058937,923.0000,3
976833148,Daniel Muñoz Sánchez,99.04,7.98,pass976833148,924.0000,2
387609643,Isabel López González,382.82,7.18,pass387609643,925.0000,5
774786912,Laura Díaz Fernández,210.31,7.52,pass774786912,926.0000,1
720257517,Daniel Rodríguez López,248.01,9.53,pass720257517,927.0000,10
735383971,Monica Hernández Muñoz,226.88,6.12,pass735383971,928.0000,9
142995949,Carmen Fernández Álvarez,66.18,9.38,pass142995949,929.0000,9
768296925,David Ruiz Rodríguez,226.48,9.45,pass768296925,930.0000,4
089639563,Sofia Álvarez Ruiz,208.34,9.33,pass089639563,931.0000,6
599385251,Monica González Hernández,356.72,6.59,pass599385251,932.0000,8
887314766,Laura Hernández Martin,397.99,6.84,pass887314766,933.0000,6
385494710,María Fernández Fernández,98.90,7.63,pass385494710,934.0000,6
153541709,Ana Moreno Jiménez,240.16,6.83,pass153541709,935.0000,4
706327464,Luis González Sánchez,170.44,9.42,pass706327464,936.0000,8
000416683,Patricia Martin Martínez,281.37,6.78,pass000416683,937.0000,4
178932902,Isabel López Fernández,246.39,8.14,pass178932902,938.0000,2
904654557,Daniel Fernández González,360.48,7.23,pass904654557,939.0000,2
002575986,Laura Jiménez Moreno,382.78,9.52,pass002575986,940.0000,9
599092010,Antonio González Ruiz,341.67,8.76,pass599092010,941.0000,4
431336607,Pedro Muñoz Jiménez,48.71,6.17,pass431336607,942.0000,4
674064983,Pedro Fernández Moreno,182.92,6.03,pass674064983,943.0000,7
492725923,María Rodríguez García,64.45,6.94,pass492725923,944.0000,1
992743463,Miguel Hernández Gómez,352.06,7.96,pass992743463,945.0000,8
325648845,Miguel Gómez Pérez,84.53,8.69,pass325648845,946.0000,9
124277397,Pedro Díaz Rodríguez,207.91,6.49,pass124277397,947.0000,5
155876029,Francisco González Fernández,354.78,7.62,pass155876029,948.0000,7
037116863,Juan Martin Pérez,271.25,7.01,pass037116863,949.0000,4
912349580,Monica López Martínez,198.35,7.92,pass912349580,950.0000,4
115121696,María Díaz Gómez,27.87,7.11,pass115121696,951.0000,8
157486268,Patricia Gómez López,379.25,9.03,pass157486268,952.0000,3
605439417,José López Muñoz,135.62,8.10,pass605439417,953.0000,9
666648212,Sofia Díaz Jiménez,362.49,6.28,pass666648212,954.0000,7
400527843,Francisco Rodríguez García,237.51,7.61,pass400527843,955.0000,3
503981911,Lucia Díaz Rodríguez,42.77,6.94,pass503981911,956.0000,6
011638297,Miguel Sánchez Sánchez,302.03,6.98,pass011638297,957.0000,5
176663369,José Martin Sánchez,201.53,9.76,pass176663369,958.0000,10
928613726,Sofia Moreno Hernández,187.41,8.86,pass928613726,959.0000,7
387466986,Carlos Fernández Álvarez,392.56,6.91,pass387466986,960.0000,8
029675489,Luis Martin Martin,374.62,7.48,pass029675489,961.0000,10
571769878,Juan López Ruiz,366.78,7.11,pass571769878,962.0000,9
832764664,Carmen García López,120.25,6.46,pass832764664,963.0000,7
845829303,Juan García López,176.09,6.90,pass845829303,964.0000,2
633328576,Pedro Rodríguez Fernández,49.37,7.58,pass633328576,965.0000,4
094757380,Isabel Sánchez Fernández,105.97,9.27,pass094757380,966.0000,10
589824523,Monica Fernández Álvarez,223.56,7.15,pass589824523,967.0000,1
541307994,Daniel Fernández Jiménez,78.93,9.48,pass541307994,968.0000,7
737080614,Carmen Muñoz Pérez,213.54,7.90,pass737080614,969.0000,4
251411499,Carmen López Hernández,269.74,8.63,pass251411499,970.0000,3
599449042,David Rodríguez Rodríguez,380.15,8.45,pass599449042,971.0000,7
095893619,José Rodríguez Álvarez,215.02,9.43,pass095893619,972.0000,1
403373461,Lucia Fernández Martin,103.62,8.70,pass403373461,973.0000,3
471542404,Carlos Hernández García,350.40,7.34,pass471542404,974.0000,6
363181237,Patricia Fernández Fernández,338.06,6.20,pass363181237,975.0000,2
294847928,Daniel Álvarez Pérez,297.58,7.61,pass294847928,976.0000,5
277953987,Ana García Díaz,215.07,8.01,pass277953987,977.0000,2
322617332,Isabel García González,241.11,6.24,pass322617332,978.0000,2
618168665,Luis Moreno Jiménez,35.74,8.38,pass618168665,979.0000,2
724732261,Isabel Gómez Sánchez,42.91,6.09,pass724732261,980.0000,7
440313739,Patricia Rodríguez Díaz,50.14,7.43,pass440313739,981.0000,10
541778012,Juan González Pérez,153.65,7.81,pass541778012,982.0000,6
958775504,Antonio Jiménez Álvarez,104.76,8.76,pass958775504,983.0000,9
282179112,Elena Rodríguez Fernández,291.25,9.08,pass282179112,984.0000,10
051390387,Sofia Sánchez Rodríguez,305.61,9.56,pass051390387,985.0000,5
555025794,Carlos Díaz Álvarez,141.97,9.99,pass555025794,986.0000,8
804521524,Elena Martínez Martin,92.51,6.53,pass804521524,987.0000,10
887757101,Juan Fernández Gómez,268.91,7.13,pass887757101,988.0000,10
938322936,Patricia Ruiz Muñoz,181.62,7.57,pass938322936,989.0000,7
905151084,Pedro García García,125.06,6.36,pass905151084,990.0000,4
175193517,Patricia Rodríguez Álvarez,380.47,7.77,pass175193517,991.0000,6
616231495,Laura Pérez Rodríguez,344.31,8.85,pass616231495,992.0000,2
679862486,Elena Fernández Hernández,34.92,7.61,pass679862486,993.0000,7
380432716,Monica Martínez Gómez,167.68,7.99,pass380432716,994.0000,4
881461676,José Muñoz Hernández,59.75,7.97,pass881461676,995.0000,5
762236611,Laura Pérez Jiménez,106.96,9.24,pass762236611,996.0000,4
217677707,Juan Gómez Pérez,84.92,8.08,pass217677707,997.0000,2
675582751,Isabel López Ruiz,200.41,9.98,pass675582751,998.0000,1
365329647,Luis Muñoz Jiménez,365.04,7.50,pass365329647,999.0000,7
307524412,Luis García Sánchez,62.65,7.95,pass307524412,1000.0000,8
